{
  "meta": {
    "success": true,
    "message": "ok"
  },
  "data": {
    "cid": 0,
    "sid": 13919859,
    "viewCount": 4065688,
    "clickCount": 32665,
    "cost": 300000,
    "ctr": 0.008034310552113197,
    "ecpc": 9.184142048063677,
    "hour": {
      "click_count": [
        489,
        715,
        673,
        502,
        518,
        964,
        1704,
        1169,
        1193,
        845,
        891,
        1327,
        4954,
        1712,
        2918,
        3348,
        3944,
        2661,
        1164,
        11,
        371,
        592,
        null,
        null
      ],
      "ecpc": [
        9.67280163599182,
        9.34965034965035,
        9.87221396731055,
        9.97609561752988,
        9.891891891891891,
        9.936721991701244,
        9.628521126760564,
        9.021385799828913,
        8.821458507963118,
        8.936094674556212,
        9.061728395061728,
        9.084400904295403,
        9.002018570851837,
        8.964369158878505,
        9.103152844413982,
        9.24731182795699,
        9.266480730223124,
        9.130026305900037,
        9.063573883161512,
        9.272727272727273,
        8.595687331536388,
        8.317567567567568,
        null,
        null
      ],
      "view_count": [
        61076,
        103189,
        53990,
        38754,
        45808,
        72270,
        184946,
        131404,
        141219,
        106558,
        112117,
        177694,
        653225,
        220280,
        400664,
        462649,
        518812,
        332741,
        135219,
        760,
        42455,
        69845,
        null,
        null
      ],
      "cost": [
        4730,
        6685,
        6644,
        5008,
        5124,
        9579,
        16407,
        10546,
        10524,
        7551,
        8074,
        12055,
        44596,
        15347,
        26563,
        30960,
        36547,
        24295,
        10550,
        102,
        3189,
        4924,
        null,
        null
      ],
      "ctr": [
        0.008006418233021154,
        0.00692903313337662,
        0.012465271346545657,
        0.012953501574031068,
        0.011308068459657702,
        0.01333886813338868,
        0.009213500156802525,
        0.008896228425314298,
        0.008447871745303395,
        0.007929953640271025,
        0.007947055308294015,
        0.007467894245163033,
        0.007583910597420491,
        0.007771926638823316,
        0.007282910368787812,
        0.007236587564222553,
        0.007601982991912292,
        0.007997211044025232,
        0.008608257715261908,
        0.014473684210526316,
        0.00873866446826051,
        0.008475910945665402,
        null,
        null
      ]
    }
  }
}